РЕЕСТР;РЕЕСТР Период внесения изменений;Внесены изменения в Положение об ИОГВ;Основание/ Дата внесения изменений в Положение (дата согласования КРИОГВ изменений в положение);Основание для исключения (Реквизиты НПА, регламентирующие исключение полномочия);№ пункта в соответствии с ПП Правительства РФ от 30.05.2014 № 496;полномочие осуществляется с использованием ИС;№ пункта в положении об ИОГВ;Статус; Услугу/функцию предоставляет Администрация района/ОМСУ/ФОИВ/ВФ/ГУ;Наименование ИОГВ СПб;Наименование полномочия в соответствии с Положением об ИОГВ;Наименование функции (услуги);порядковый номер услуги/функции ;Наименование процедуры в сфере жилищного строительства (распоряжение Правительства РФ);Тип;субъект предоставления услуг (физ/юр);№ пункта Плана-графика 2013;План-график 2013 (срок исполнения);План-график 2013 (требуется внесение изменений);Продление срока по Плану 2013;Основание для продления срока по Плану 2013;Исключение из Плана 2013;Основание для исключения из Плана 2013;План 2013 исполнен;№ пункта Плана-графика 2014;Срок исполнения План-графика 2014;Основание для включения услуги в План-график 2014;Основание для исключения из Плана 2014;"План 2014
исполнение";№ пункта Плана-графика 2015;Срок исполнения План-графика 2015;Основание для включения услуги в План-график 2015;Основание для исключения из Плана 2015;"План 2015
исполнение";Мониторинг в 2014 году;Проведен мониторинг в 2013 году;Услуга включена в дорожную карту ИОГВ;Результаты мониторинга 2013 года;"%
удовлетворенности заявителей по услуге";Срок исполнения мероприятий по ДК;Отметка о выполнении;№ пункта Плана-графика 2012;План-график 2012 (месяц);План-график 2012 Внесение изменений в АР;Продление срока;Исключение из Плана 2012;Основание для исключения;ПГ 2012 исполнен;1593;1593 (ред. от 20.09.2012);Внесение изменений в 1593;Реквизиты соглашения;Дата начала предоставления услуги в МФЦ;Реализация в МАИС МФЦ;8-рп;Внесение изменений в 8-рп;Внесение изменений в 11-рп;"Реализация в АИС ""ЭСРН"" (Систематика)";Реализация по ГК в 2014 году;Реализация по ГК в 2014 году ;11-рп от 13.03.2014;этап предоставления на Портале;Внесение изменений в 8-рп в редакции 11-рп от 13.03.2014;Возможность выдачи результата в электронном виде;ГК 2014 - Развитие МАИС (разрабатываются по 4 и 5 этапам перевода в электронный вид - динамическая реализация услуг) - 20 услуг;ГК 2014 - Развитие МАИС (подлежат модернизации по 4 и 5 этапам перевода в электронный вид - динамическая реализация услуг) - 27 услуг;"ГК 2014 - Развитие МАИС (разрабатываются по 4 и 5 этапам перевода в электронный вид - статическая реализация услуг) - 3 услуги (в ГК - 4, нет ""8 тонн"")";ГК 2014 - Развитие МАИС (перечень платежей, которые разрабатываются на Портале и в мобильных приложениях на безе Android и iOS);ГК 2014 - Развитие МАИС (электронные ГУ, разрабатываются в ЭДО МФЦ) - 15 услуг;ГК 2014 - Развитие МАИС (электронные услуги КСП, модернизируются по результатам интеграции МАИС ЭГУ с АИС ЭСРН) - 96 услуг;ГК 2014 - Развитие МАИС (реализуются в ЭДО МФЦ, предоставляются юридическим лицам) - 55 услуг;ГК 2014 - Развитие МАИС ЭГУ (административные процедуры 2-й очереди, разрабатываемые в 2014 году в ЭДО МФЦ) - 20 услуг; УЭК                 ;Реализация на портале (Ростелеком);Актуализация по ЕПГУ;1993-р;729-р;реализация в электронном виде;51-рп;Внесение изменений в 51-рп;"ТКМВ
(реквизиты  протокола РГ МИВ)";ТКМВ внесение изменений (реквизиты  протокола РГ МИВ);КАР;Административный регламент утвержден распоряжением ИОГВ;Реквизиты нормативных правовых актов изменений в АР;Возмездная / Безвозмездная государственная услуга;Сумма госпошлины;Количество взаимодействий ЮЛ/ФЛ и ИОГВ при предоставлении гос. услуги;Наименование взаимодействий ЮЛ/ФЛ и ИОГВ при предоставлении гос. услуги;"Наименование услуги необходимой и обязательной, 
содержащейся в
постановлении
Правительства Санкт-Петербурга
от 03.02.2012 N 93";Наименование учреждения (организации), предоставляющей услугу необходимую и обязательную;Стоимость услуги н.о.;Наименование услуги (документа) необходимой для предоставления государственной услуги;Наименование учреждения (организации), предоставляющей необходимую услугу;Стоимость услуги необходимой для получения гос. услуги;Результат предоставления услуги/исполнения функции;Время ожидания в очереди;Требуется внесение изменений в АР;Дата поступления  на согласование;Результат согласования ;Дата согласования ;ФИО эксперта;Дата повторного поступления  на согласование;Результат повторного согласования ;Дата повторного согласования ;ФИО эксперта;Предварительная экспертиза ЮК (реквизиты письма);Результат предварительной экспертизы в ЮК;Проект направлен в ЮК для вынесения на КАР (реквизиты письма);Отсутствует НПА на федеральном уровне;Требуется внесение изменений в НПА на федеральном уровне;Отсутствует НПА СПб;Требуется внесение изменений в НПА СПб;№ п/п в соответствии с Перечнями №1 и №2 МЭР;Наименование в соответствии с Перечнями №1 и №2 МЭР;Комментарии Юридического Комитета;Наименование функции (услуги)  в соответствии с федеральным законодательством;Реквизиты НПА федерального уровня, которым функция (полномочие) закреплено (отнесено к ведению) за субъектом РФ;Наименование функции в соответствии с законодательством Санкт-Петербурга ;Реквизиты НПА регионального уровня, которым функция (полномочие) закреплено (порядок предоставления услуги);Реквизиты НПА, закрепляющего перечень документов представления услуги;Реквизиты НПА, которыми полномочие передано для осуществления ИОГВ субъекта РФ с федерального уровня;133-ФЗ;"Количество обращений за предоставление услуги
 (за 2011 год)";"Количество обращений за предоставлением услуги
(за 2013 год)";Количество обращений за предоставление услуги;Количество обращений за предоставление услуги;"Количество обращений за предоставление услуги
 (на 1.11.2012)";Формирование отчета по полномочиям;Примечание;Идентификатор услуги
р;;;;;;;3.1.;Общая;;Комитет по культуре Санкт-Петербурга;Взаимодействовать в установленном порядке по вопросам, находящимся в компетенции Комитета, с органами государственной власти и местного самоуправления, организациями, а также должностными лицами.;Осуществлять взаимодействие  по вопросам, находящимся в компетенции Комитета по культуре, с органами государственной власти и органами местного самоуправления, организациями, общественными объединениями, а также должностными лицами.;1094;;функция;;;;;;;;;;;;;;;;;;;;;;;;;;;;;;;;;;;;;;;;;;;;;;;;;;;;;;;;;;;;;;;;;;;;;;;;;;;;;;;;;;;;02.05.2012;не согласовано;18.05.2012;Демовская;09.06.2012;согласовано;19.06.2012;Демовская;;;;;;;;;;;;;;;;;;;;;;;;;
р;;ПОСТАНОВЛЕНИЕ;;;;;3.1-1.;Исполняемое;;Комитет по культуре Санкт-Петербурга;Создавать условия для организации досуга жителей Санкт-Петербурга и обеспечения их услугами организаций культуры в соответствии с действующим законодательством и правовыми актами Правительства Санкт-Петербурга;Создание в пределах своей компетенции условий для организации досуга жителей Санкт-Петербурга и обеспечения их услугами организаций культуры;1095;;функция;;;;;;;;;;;;;;;;;;;;;;;;;;;;;;;;;;;;;;;;;;;;;;;;;;;;;;;;;;;;;;;;;;;;от 04.05.2011 КАР № 35;от 08.06.2011 №315;от 07.09.2011. №430;;;;;;;;;;;;;;;;;;;;;;;;;;;;;"41.1
19.2.
";"41.1. Предоставление культурно-досуговых услуг, включая:
предоставление информации о времени и месте театральных представлений, филармонических и эстрадных концертов и гастрольных и гастрольных мероприятий театров и филармоний, киносеансов, анонсы данных мероприятий
19.2. Предоставление музейных услуг";"Законом № 420-79 полномочие не предусмотрено за органами местного самоуправления, т.о. правовые основания для разработки административного регламента отсутствуют.
Однако за Комитетом по культуре (п. 3.1-1 Положения) и администрациями районов Санкт-Петербурга (п. 3.6.23 Положения) закреплены соответствующие полномочия. ";;;Дополнить Положение Комитета по культуре пунктом следующего содержания:                                                                                                                                            Создавать в пределах своей компетенции узлов;"пп.1.1.2 Постановления Правительства Санкт-Петербурга от 17.6.2008 N 710 ""О внесении изменений в постановление Правительства Санкт-Петербурга от 25.05.2004 N 806""";;;;;;;;;;разработка регламента была запланирована на II квартал 2010 года;
р;;;;;;;3.1-2.;Исполняемое;;Комитет по культуре Санкт-Петербурга;Организовывать в пределах своей компетенции библиотечное обслуживание населения.;Организовывать в пределах своей компетенции библиотечное обслуживание населения.;1096;;функция;;;;;;;;;;;;;;;;;;;;;;;;;;;;;;;;;;;;;;;;;;;;;;;;;;;;;;;;;;;;;;;;;;;;КАР;от 24.11.2009 № 20;;;;;;;;;;;;;;;;;;;;;;;;;;;;;;39.1.;"Предоставление библиотечных услуг, включая:
предоставление доступа к оцифрованным изданиям, хранящимся в библиотеках, в том числе к фонду редких книг, с учетом соблюдения требований законодательства Российской Федерации об авторских и смежных правах^
предоставление доступа к справочно-поисковому аппарату библиотек, базам данных
";;К полномочиям органов государственной власти субъекта Российской Федерации по предметам совместного ведения, осуществляемым данными органами самостоятельно за счет средств бюджета субъекта Российской Федерации (за исключением субвенций из федерального бюд;"п.2 ст.26.3 ФЗ от 06.10.1999 N 184-ФЗ ""Об общих принципах организации законодательных (представительных) и исполнительных органов государственной власти субъектов Российской Федерации"" 
";Дополнить Положение Комитета по культуре пунктом следующего содержания:                                                                                                                                      Организовывать в пределах своей компетенции библио;"пп.1.1.2 Постановления Правительства Санкт-Петербурга от 17.6.2008 N 710 ""О внесении изменений в постановление Правительства Санкт-Петербурга от 25.05.2004 N 806""";;;;;;;;;;;
р;;;;;;;3.1-3.;Общая;;Комитет по культуре Санкт-Петербурга;Выступать в порядке, предусмотренном действующим законодательством, учредителем периодических печатных изданий в пределах компетенции Комитета.;Выступать в порядке, предусмотренном действующим законодательством, учредителем периодических печатных изданий в пределах компетенции исполнительного органа государственной власти Санкт-Петербурга;1097;;функция;;;;;;;;;;;;;;;;;;;;;;;;;;;;;;;;;;;;;;;;;;;;;;;;;;;;;;;;;;;;;;;;;;;;от 15.06.2011 № 36;от 08.09.2011 №436;;;;;;;;;;;;;;;;;;;;;;;;;;;;;;;;;проект постановления;;;;;;;;;;;;;;
р;;;;;;;3.1-4.;Общая;;Комитет по культуре Санкт-Петербурга;Обеспечивать защиту сведений, составляющих государственную тайну и иную охраняемую законом тайну.;Обеспечивать защиту сведений, составляющих государственную тайну и иную охраняемую законом ;1098;;функция;;;;;;;;;;;;;;;;;;;;;;;;;;;;;;;;;;;;;;;;;;;;;;;;;;;;;;;;;;;;;;;;;;;;от 15.06.2011 № 36;от 08.09.2011 №433;;;;;;;;;;;;;;;;;;;;;;;;;;;;;;;;;проект постановления;;;;;;;;;;;;;;
р;;;;;;;3.1.-5;Общая;;Комитет по культуре Санкт-Петербурга;Осуществлять координацию деятельности подведомственных Комитету государственных унитарных предприятий и государственных учреждений.;Осуществлять координацию деятельности подведомственных Комитету государственных унитарных предприятий и государственных учреждений.;1099;;функция;;;;;;;;;;;;;;;;;;;;;;;;;;;;;;;;;;;;;;;;;;;;;;;;;;;;;;;;;;;;;;;;;;;;;;;;;;;;;;;;;;;;;;;;;;;;;;;;;;;;;;проект постановления;;;;;;;;;;;;;;
р;;;;;;;3.1.-6;Исполняемое;;Комитет по культуре Санкт-Петербурга;Осуществлять организационно-методическое обеспечение деятельности подразделений администраций районов Санкт-Петербурга и государственных учреждений, находящихся в ведении Комитета, по вопросам, отнесенным к компетенции Комитета.;Осуществлять организационно-методическое обеспечение деятельности подразделений администраций районов Санкт-Петербурга и государственных учреждений, находящихся в ведении Комитета, по вопросам, отнесенным к компетенции Комитета.;1100;;функция;;;;;;;;;;;;;;;;;;;;;;;;;;;;;;;;;;;;;;;;;;;;;;;;;;;;;;;;;;;;;;;;;;;;;;;;;;;;;;;;;;;;;;;;;;;;;;;;;;;;;;проект постановления;;;;;;;;;;;;;;
р;;;;;;;3.1.-7;Исполняемое;;Комитет по культуре Санкт-Петербурга;Осуществлять сотрудничество с органами государственной власти и неправительственными организациями зарубежных стран, а также международными организациями по вопросам, находящимся в компетенции Комитета.;Осуществлять сотрудничество с органами государственной власти и неправительственными организациями зарубежных стран, а также международными организациями по вопросам, находящимся в компетенции Комитета.;1101;;функция;;;;;;;;;;;;;;;;;;;;;;;;;;;;;;;;;;;;;;;;;;;;;;;;;;;;;;;;;;;;;;;;;;;;;;;;;;;;;;;;;;;;;;;;;;;;;;;;;;;;;;проект постановления;;;;;;;;;;;;;;
р;;;;;;;3.2.;Общая;;Комитет по культуре Санкт-Петербурга;"Обеспечивать в пределах ведения Комитета выполнение федеральных целевых программ, в реализации которых участвует Санкт-Петербург, а также целевых программ Санкт-Петербурга
";"Обеспечивать в пределах ведения Комитета выполнение федеральных целевых программ, в реализации которых участвует Санкт-Петербург, а также целевых программ Санкт-Петербурга
";1102;;функция;;;;;;;;;;;;;;;;;;;;;;;;;;;;;;;;;;;;;;;;;;;;;;;;;;;;;;;;;;;;;;;;;;;;;;;;;;;;;;;;;;;;;;;;;;;;;;;;;;;;;;;;;;;;;;;;;;;;
р;;исключить слова в ПП СПб о внесении изменений в постановление Правительства СПб от 25.05.2004 №806;ПП СПб о внесении изменений в постановление Правительства СПб от 25.05.2004 №806;;;;3.3.;Общая;;Комитет по культуре Санкт-Петербурга;Представлять Правительству Санкт-Петербурга предложения о создании, реорганизации, ликвидации подведомственных Комитету государственных унитарных предприятий и государственных учреждений.;Представлять Правительству Санкт-Петербурга предложения о создании, реорганизации, ликвидации подведомственных Комитету государственных унитарных предприятий и государственных учреждений.;1103;;функция;;;;;;;;;;;;;;;;;;;;;;;;;;;;;;;;;;;;;;;;;;;;;;;;;;;;;;;;;;;;;;;;;;;;;;;;;;;;;;;;;;;;;;;;;;;;;;;;;;;;;;;;;;;;;;;;;;;;
р;;исключить слова в ПП СПб о внесении изменений в постановление Правительства СПб от 25.05.2004 №806;ПП СПб о внесении изменений в постановление Правительства СПб от 25.05.2004 №806;;;;3.4.;Общая;;Комитет по культуре Санкт-Петербурга; Контролировать деятельность находящихся в ведении Комитета государственных унитарных предприятий и государственных учреждений.; Контролировать деятельность находящихся в ведении Комитета государственных унитарных предприятий и государственных учреждений.;1104;;функция;;;;;;;;;;;;;;;;;;;;;;;;;;;;;;;;;;;;;;;;;;;;;;;;;;;;;;;;;;;;;;;;;;;;;;;;;;;;;;;;;;;;;;;;;;;;;;;;;;;;;;;;;;;;;;;;;;;;
р;;исключить слова в ПП СПб о внесении изменений в ППСПБ от 25.05.2004 №806;ПП СПб о внесении изменений в постановление Правительства СПб от 25.05.2004 №806;;;;3.4-1.;Общая;;Комитет по культуре Санкт-Петербурга;Осуществлять в пределах своей компетенции решение вопросов материально-технического и финансового обеспечения деятельности находящихся в ведении Комитета государственных учреждений Санкт-Петербурга в сфере культуры, в том числе вопросов оплаты труда работников государственных учреждений Санкт-Петербурга в сфере культуры.;Осуществлять в пределах своей компетенции решение вопросов материально-технического и финансового обеспечения деятельности находящихся в ведении Комитета государственных учреждений Санкт-Петербурга в сфере культуры, в том числе вопросов оплаты труда работников государственных учреждений Санкт-Петербурга в сфере культуры.;1105;;функция;;;;;;;;;;;;;;;;;;;;;;;;;;;;;;;;;;;;;;;;;;;;;;;;;;;;;;;;;;;;;;;;;;;;;;;;;;;;;;;;;;;;;;;;;;;;;;;;;;;;;;;;;;;;;;;;;;;;
р;;изменена формулировка о внесении изменений в ПП СПб от 25.04.2004 №806;;;;;3.4-2.;Общая;;Комитет по культуре Санкт-Петербурга;Осуществлять от имени Санкт-Петербурга следующие функции и полномочия учредителя находящихся в ведении Комитета автономных учреждений, созданных на базе имущества, находящегося в государственной собственности Санкт-Петербурга (далее – автономные учреждения):рассматривать и одобрять предложения руководителей автономных учреждений о создании и ликвидации филиалов автономных учреждений, об открытии и закрытии их представительств^ утверждать передаточные акты или разделительные балансы автономных учреждений^ назначать ликвидационные комиссии и утверждать промежуточные и окончательные ликвидационные балансы автономных учреждений, уведомлять уполномоченный государственный орган о юридических действиях, связанных с ликвидацией автономных учреждений, устанавливать порядок и сроки ликвидации автономных учреждений^ осуществлять действия, связанные с государственной регистрацией автономных учреждений при их создании, реорганизации и ликвидации, а также внесении изменений в их уставы назначать руководителей автономных учреждений и прекращать их полномочия, а также заключать и прекращать трудовые договоры с ними, если для организаций соответствующей сферы деятельности федеральными законами не предусмотрен иной порядок назначения руководителя и прекращения его полномочий и(или) заключения и прекращения трудового договора с ним^ принимать решения об отнесении движимого имущества автономного учреждения к категории особо ценного движимого имущества в случае принятия решения о выделении средств на приобретение указанного имущества в порядке, установленном Правительством Санкт-Петербурга. Утверждать уставы автономных учреждений и вносить в них изменения^ принимать решения о назначении членов наблюдательного совета автономного учреждения или досрочном прекращении их полномочий^ выступать с предложениями о создании автономного учреждения, в том числе путем изменения типа существующего бюджетного учреждения^ выступать с предложениями о реорганизации автономного учреждения или его ликвидации^ требовать созыва наблюдательного совета автономного учреждения^ формирвать и утверждать государственное задание  на оказание государственных услуг (выполнение работ) в порядке, установленном Правительством Санкт-Петербурга осуществлять финансовое обеспечение выполнения государственного задания на оказание государственных услуг (выполнение работ) в порядке, установленном Правительством Санкт-Петербурга^ определять средства массовой информации, в которых подлежат опубликованию отчеты о деятельности автономного учреждения и отчеты об использовании закрепленного за автономным учреждением имущества^ определять перечни особо ценного движимого имущества автономных учреждений ^ готовить и направлять в порядке, установленном Правительством Санкт-Петербурга, представление об определении видов особо ценного движимого имущества автономного учреждения^ готовить и направлять в порядке, установленном Правительством Санкт-Петербурга, представление об отнесении движимого имущества к категории особо ценного движимого имущества в случае одновременного принятия решения о закреплении за автономным учреждением указанного имущества, находящегося в государственной собственности Санкт-Петербурга, и отнесение его к категории особо ценного движимого имущества ;Осуществлять от имени Санкт-Петербурга следующие функции и полномочия учредителя находящихся в ведении Комитета автономных учреждений, созданных на базе имущества, находящегося в государственной собственности Санкт-Петербурга (далее – автономные учреждения):рассматривать и одобрять предложения руководителей автономных учреждений о создании и ликвидации филиалов автономных учреждений, об открытии и закрытии их представительств^ утверждать передаточные акты или разделительные балансы автономных учреждений^ назначать ликвидационные комиссии и утверждать промежуточные и окончательные ликвидационные балансы автономных учреждений, уведомлять уполномоченный государственный орган о юридических действиях, связанных с ликвидацией автономных учреждений, устанавливать порядок и сроки ликвидации автономных учреждений^ осуществлять действия, связанные с государственной регистрацией автономных учреждений при их создании, реорганизации и ликвидации, а также внесении изменений в их уставы назначать руководителей автономных учреждений и прекращать их полномочия, а также заключать и прекращать трудовые договоры с ними, если для организаций соответствующей сферы деятельности федеральными законами не предусмотрен иной порядок назначения руководителя и прекращения его полномочий и(или) заключения и прекращения трудового договора с ним^ принимать решения об отнесении движимого имущества автономного учреждения к категории особо ценного движимого имущества в случае принятия решения о выделении средств на приобретение указанного имущества в порядке, установленном Правительством Санкт-Петербурга. Утверждать уставы автономных учреждений и вносить в них изменения^ принимать решения о назначении членов наблюдательного совета автономного учреждения или досрочном прекращении их полномочий^ выступать с предложениями о создании автономного учреждения, в том числе путем изменения типа существующего бюджетного учреждения^ выступать с предложениями о реорганизации автономного учреждения или его ликвидации^ требовать созыва наблюдательного совета автономного учреждения^ формирвать и утверждать государственное задание  на оказание государственных услуг (выполнение работ) в порядке, установленном Правительством Санкт-Петербурга осуществлять финансовое обеспечение выполнения государственного задания на оказание государственных услуг (выполнение работ) в порядке, установленном Правительством Санкт-Петербурга^ определять средства массовой информации, в которых подлежат опубликованию отчеты о деятельности автономного учреждения и отчеты об использовании закрепленного за автономным учреждением имущества^ определять перечни особо ценного движимого имущества автономных учреждений ^ готовить и направлять в порядке, установленном Правительством Санкт-Петербурга, представление об определении видов особо ценного движимого имущества автономного учреждения^ готовить и направлять в порядке, установленном Правительством Санкт-Петербурга, представление об отнесении движимого имущества к категории особо ценного движимого имущества в случае одновременного принятия решения о закреплении за автономным учреждением указанного имущества, находящегося в государственной собственности Санкт-Петербурга, и отнесение его к категории особо ценного движимого имущества ;1106;;функция;;;;;;;;;;;;;;;;;;;;;;;;;;;;;;;;;;;;;;;;;;;;;;;;;;;;;;;;;;;;;;;;;;;;;;;;;;;;;;;;;;;;;;;;;;;;;;;;;;;;;;;;;"постановление Правительства Санкт-Петербурга от 18.01.2010 № 13 ""О внесении изменений в положения об исполнительных органах государственной власти Санкт-Петербурга"".";;;;;;;;;;Внесение изменений в постановление Правительства Санкт-Петербурга от 25.05.2004 № 806;
р;;дополнен пунктом  3.4-3 Положения;ПП СПб от 25.05.2004 №806;;;;3.4-3. ;Общая;;Комитет по культуре Санкт-Петербурга;"Осуществлять от имени Санкт-Петербурга следующие функции и полномочия учредителя находящихся в ведении Комитета государственных бюджетных учреждений Санкт-Петербурга (далее – бюджетных учреждений):формировать и утверждать государственное задание на оказание государственных услуг (выполнение работ) в порядке, установленном Правительством Санкт-Петербурга^ осуществлять финансовое обеспечение выполнения государственного задания на оказание государственных услуг (выполнение работ) в порядке, установленном Правительством  Санкт-Петербурга^ определять перечни особо ценного движимого имущества бюджетных учреждений^ готовить и направлять в порядке, установленном Правительством Санкт-Петербурга, представление об определении видов особо ценного движимого имущества бюджетного учреждения^ принимать решение об отнесении движимого имущества бюджетного учреждения к категории особо ценного движимого имущества в случае принятия решения о выделении средств на приобретение указанного имущества в порядке, установленном Правительством Санкт-Петербурга^ готовить и направлять в порядке, установленном Правительством Санкт-Петербурга, представление об отнесении движимого имущества к категории особо ценного движимого имущества в случае одновременного принятия решения о закреплении за бюджетным учреждением указанного имущества, находящегося в государственной собственности                          Санкт-Петербурга, и отнесении его к категории особо ценного движимого имущества"". Готовить предложения (представления) о создании бюджетных учреждений путем учреждения и изменения типа существующих государственных учреждений Санкт-Петербурга, о реорганизации и ликвидации бюджетных учреждений^ согласовывать уставы и изменения в уставы бюджетных учреждений^ формировать и направлять предложения по закреплению имущества^ за бюджетными учреждениями на праве оперативного управления и изъятию имущества, находящегося у бюджетных учреждений на праве оперативного управления, в порядке, установленном Правительством Санкт-Петербурга^ согласовывать передаточные акты или разделительные балансы при реорганизации бюджетных учреждений, ликвидационные балансы при ликвидации бюджетных учреждений^ назначать руководителей бюджетных учреждений и прекращать их полномочия^ заключать и расторгать трудовые договоры с руководителями бюджетных учреждений^ устанавливать порядок определения платы для физических и юридических лиц за услуги (работы), относящиеся к основным видам деятельности бюджетных учреждений, оказываемые ими сверх установленного государственного  задания на оказание государственных услуг (выполнение работ),а также в случаях, определенных федеральными законами, в пределах установленного государственного задания на оказание государственных услуг (выполнение работ)^определять порядок составления и утверждения отчетов о результатах деятельности бюджетных учреждений и об использовании закрепленного^ за бюджетными учреждениями на праве оперативного управления имущества, утверждать указанные отчеты^ определять порядок составления и утверждения планов^ финансово-хозяйственной деятельности бюджетных учреждений, утверждать указанные планы^ определять предельно допустимое значение просроченной кредиторской задолженности бюджетных учреждений, превышение которого влечет расторжение трудовых договоров с руководителями бюджетных учреждений по инициативе работодателя в соответствии с Трудовым кодексом Российской Федерации^ осуществлять контроль за деятельностью бюджетных учреждений в порядке, установленном Правительством Санкт-Петербурга";"Осуществлять от имени Санкт-Петербурга следующие функции и полномочия учредителя находящихся в ведении Комитета государственных бюджетных учреждений Санкт-Петербурга (далее – бюджетных учреждений):формировать и утверждать государственное задание на оказание государственных услуг (выполнение работ) в порядке, установленном Правительством Санкт-Петербурга^ осуществлять финансовое обеспечение выполнения государственного задания на оказание государственных услуг (выполнение работ) в порядке, установленном Правительством  Санкт-Петербурга^ определять перечни особо ценного движимого имущества бюджетных учреждений^ готовить и направлять в порядке, установленном Правительством Санкт-Петербурга, представление об определении видов особо ценного движимого имущества бюджетного учреждения^ принимать решение об отнесении движимого имущества бюджетного учреждения к категории особо ценного движимого имущества в случае принятия решения о выделении средств на приобретение указанного имущества в порядке, установленном Правительством Санкт-Петербурга^ готовить и направлять в порядке, установленном Правительством Санкт-Петербурга, представление об отнесении движимого имущества к категории особо ценного движимого имущества в случае одновременного принятия решения о закреплении за бюджетным учреждением указанного имущества, находящегося в государственной собственности                          Санкт-Петербурга, и отнесении его к категории особо ценного движимого имущества"". Готовить предложения (представления) о создании бюджетных учреждений путем учреждения и изменения типа существующих государственных учреждений Санкт-Петербурга, о реорганизации и ликвидации бюджетных учреждений^ согласовывать уставы и изменения в уставы бюджетных учреждений^ формировать и направлять предложения по закреплению имущества^ за бюджетными учреждениями на праве оперативного управления и изъятию имущества, находящегося у бюджетных учреждений на праве оперативного управления, в порядке, установленном Правительством Санкт-Петербурга^ согласовывать передаточные акты или разделительные балансы при реорганизации бюджетных учреждений, ликвидационные балансы при ликвидации бюджетных учреждений^ назначать руководителей бюджетных учреждений и прекращать их полномочия^ заключать и расторгать трудовые договоры с руководителями бюджетных учреждений^ устанавливать порядок определения платы для физических и юридических лиц за услуги (работы), относящиеся к основным видам деятельности бюджетных учреждений, оказываемые ими сверх установленного государственного  задания на оказание государственных услуг (выполнение работ),а также в случаях, определенных федеральными законами, в пределах установленного государственного задания на оказание государственных услуг (выполнение работ)^определять порядок составления и утверждения отчетов о результатах деятельности бюджетных учреждений и об использовании закрепленного^ за бюджетными учреждениями на праве оперативного управления имущества, утверждать указанные отчеты^ определять порядок составления и утверждения планов^ финансово-хозяйственной деятельности бюджетных учреждений, утверждать указанные планы^ определять предельно допустимое значение просроченной кредиторской задолженности бюджетных учреждений, превышение которого влечет расторжение трудовых договоров с руководителями бюджетных учреждений по инициативе работодателя в соответствии с Трудовым кодексом Российской Федерации^ осуществлять контроль за деятельностью бюджетных учреждений в порядке, установленном Правительством Санкт-Петербурга";1107;;функция;;;;;;;;;;;;;;;;;;;;;;;;;;;;;;;;;;;;;;;;;;;;;;;;;;;;;;;;;;;;;;;;;;;;;;;;;;;;;;;;;;;;;;;;;;;;;;;;;;;;;;;;;;;;;;;;;;;пункт введен постановлением о внесении изменений в постановление Правительства Санкт-Петербурга от 25.05.2004 № 806;
р;;дополнен пунктом 3.4-4. в ПП СПБ о внесении изменений в ППСПБ от 25.05.2044 №806;;;;;3.4-4.;Общая;;Комитет по культуре Санкт-Петербурга;Осуществлять от имени Санкт-Петербурга следующие функции и полномочия учредителя находящихся в ведении Комитета государственных казенных учреждений Санкт-Петербурга (далее – казенные учреждения):готовить предложения (представления) о создании казенных учреждений путем учреждения и изменения типа существующего государственных учреждений Санкт-Петербурга, о реорганизации и ликвидации казенных учреждений^ согласовывать уставы и изменения в уставы казенных учреждений^ формировать предложения по закреплению имущества за казенными учреждениями на праве оперативного управления и изъятию имущества, закрепленного за казенными учреждениями на праве оперативного управления^ согласовывать передаточные акты или разделительные балансы^ при реорганизации казенных учреждений, ликвидационные балансы ^ при ликвидации казенных учреждений^ назначать руководителей казенных учреждений и прекращать их полномочия^ заключать и расторгать трудовые договоры с руководителями казенных учреждений^ формировать и утверждать государственное задание на оказание государственных услуг (выполнение работ) казенными учреждениями^ осуществлять финансовое обеспечение деятельности казенных учреждений,  в том числе выполнения государственного задания на оказание государственных услуг (выполнение работ)^ определять порядок составления и утверждения отчетов о результатах деятельности казенных учреждений и об использовании закрепленного за казенным учреждением на праве оперативного управления имущества, утверждать указанные отчеты^ осуществлять контроль за деятельностью казенных учреждений в порядке, установленном Правительством Санкт-Петербурга;Осуществлять от имени Санкт-Петербурга следующие функции и полномочия учредителя находящихся в ведении Комитета государственных казенных учреждений Санкт-Петербурга (далее – казенные учреждения):готовить предложения (представления) о создании казенных учреждений путем учреждения и изменения типа существующего государственных учреждений Санкт-Петербурга, о реорганизации и ликвидации казенных учреждений^ согласовывать уставы и изменения в уставы казенных учреждений^ формировать предложения по закреплению имущества за казенными учреждениями на праве оперативного управления и изъятию имущества, закрепленного за казенными учреждениями на праве оперативного управления^ согласовывать передаточные акты или разделительные балансы^ при реорганизации казенных учреждений, ликвидационные балансы ^ при ликвидации казенных учреждений^ назначать руководителей казенных учреждений и прекращать их полномочия^ заключать и расторгать трудовые договоры с руководителями казенных учреждений^ формировать и утверждать государственное задание на оказание государственных услуг (выполнение работ) казенными учреждениями^ осуществлять финансовое обеспечение деятельности казенных учреждений,  в том числе выполнения государственного задания на оказание государственных услуг (выполнение работ)^ определять порядок составления и утверждения отчетов о результатах деятельности казенных учреждений и об использовании закрепленного за казенным учреждением на праве оперативного управления имущества, утверждать указанные отчеты^ осуществлять контроль за деятельностью казенных учреждений в порядке, установленном Правительством Санкт-Петербурга;1108;;функция;;;;;;;;;;;;;;;;;;;;;;;;;;;;;;;;;;;;;;;;;;;;;;;;;;;;;;;;;;;;;;;;;;;;;;;;;;;;;;;;;;;;;;;;;;;;;;;;;;;;;;;;;;;;;;;;;;;;
р;;;;;;;3.5.;Исполняемое;;Комитет по культуре Санкт-Петербурга;"Осуществлять функции органа управления образованием в отношении государственных образовательных учреждений дополнительного образования детей (музыкальных и художественных школ, школ искусства, за исключением образовательных учреждений, реализующих программы общего образования), среднего профессионального (музыкального, художественного) образования, иных образовательных учреждений в сфере культуры в соответствии с действующим законодательством.
";"Осуществлять функции органа управления образованием в отношении государственных образовательных учреждений дополнительного образования детей (музыкальных и художественных школ, школ искусства, за исключением образовательных учреждений, реализующих программы общего образования), среднего профессионального (музыкального, художественного) образования, иных образовательных учреждений в сфере культуры в соответствии с действующим законодательством.
";1109;;функция;;;;;;;;;;;;;;;;;;;;;;;;;;;;;;;;;;;;;;;;;;;;;;;;;;;;;;;;;;;;;;;;;;;;от 23.09.2010 №29;от 24.09.2010 N 496;;;;;;;;;;;;;;;;;;;;;;;;;;;;;;;;;организация предоставления общедоступного и бесплатного начального общего, основного общего, среднего (полного) общего образования по основным общеобразовательным программам, за исключением полномочий по финансовому обеспечению образовательного процесса, ;"пп.1-2 Закона РФ от 10.07.1992 N 3266-1 ""Об образовании""
      
";;;;;;;;;;;;;
рфкн;;;;;;;3.5-1.;Исполняемое;;Комитет по культуре Санкт-Петербурга;Обеспечивать в установленном порядке осуществление имущественных и неимущественных личных прав и обязанностей, а также государственный контроль в отношении музейных предметов и музейных коллекций, включенных в состав Музейного фонда Российской Федерации.;Обеспечение в установленном порядке государственного контроля в отношении музейных предметов и музейных коллекций, включенных в состав Музейного фонда Российской Федерации.;1110;;Функция контроля и надзора;;;;;;;;;;;;;;;;;;;;;;;;;;;фкн 23;ноябрь;Требуется внесение изменений ;"До 30.06.2014 КК
До 31.03.2014 письмо КК от 25.12.2013 № 01-19-311/13-1-0
До 31.12.2013 обращение КК вх. КРИОГВ 5059 от 03.10.2013
До 01.10.2013 По письму вх. КРИОГВ от 09.07.2013 № 08-19-003694/13-0-0
По КК продлен до 01.07.2013 Продлен до 15.02.2013 Письмо от 28.11.2012 № 01-20-5608/12-0-1 (вх. 08-19-002434/12-0-0 от 30.11.2012)";;;;;;;;;;;;;;;;;;;;;;;;;;;;;;;;;;;;;;от 14.04.2010 № 24;от 26.05.2010 № 246;;;;;;;;;;;;;;;03.12.2012;согласовано;05.12.2012;Ковалев;22.02.2013;согласовано;23.02.2013;Ковалев;;;;;;;;40.1;Предоставление музейных услуг;;От имени субъектов Российской Федерации имущественные и неимущественные личные права и обязанности, а также государственный контроль в отношении музейных предметов и музейных коллекций, включенных в состав Музейного фонда Российской Федерации, осуществляю;"ст.4 ФЗ от 26.05.1996 N 54-ФЗ ""О Музейном фонде Российской Федерации и музеях в Российской Федерации""
";;;;;;;;;;;;фк;
р;;;;;;;3.5-2.;Исполняемое;;Комитет по культуре Санкт-Петербурга;Принимать решения об управлении музейными предметами и музейными коллекциями, находящимися в государственной собственности Санкт-Петербурга.;Принимать решения об управлении музейными предметами и музейными коллекциями, находящимися в государственной собственности Санкт-Петербурга.;1111;;услуга;юр;;;;;;;;;;;;;;;;;;;;да;Дорожная карта Комитета по культуре;"1. На Портале отсутствует актуальная информация о порядке предоставления ГУ.
2. На Федеральном Портале отсутствует информация о предоставлении ГУ.
";;15.09.2014;;82;апрель;Требуется внесение изменений в АР (функция/услуга);Письмом от 25.06.2012 № 7-1703/12-1-2 (вх. 2309) срок продлен до 30.07.2012 по письму от 26.04.2012  06-7-1703/12-1-1 срок продлен до 30.06.2012;;;исполнено;;МФЦ не предусмотрен в АР;;;;;;Портал не предусмотрен в АР;;;;;;;;;;;;;;;;;;;;;;;0;;;;КАР №45;от 27.08.2012 № 584;;безвозмездно;нет;2;"1.Прием и регистрация поступившего в Комитет обращения музея.
2. Выдача результата.
";нет;нет;нет;нет;нет;нет;"2.3. Результатами предоставления государственной услуги в соответствии с административными процедурами являются:
по выдаче музейных предметов и музейных коллекций, находящихся в государственной собственности Санкт-Петербурга, одним музеем другому музею - письмо заявителя на бумажном носителе Комитета о выдаче (об отказе в выдаче) музейных предметов во временное пользование другому музею^
по закреплению музейных предметов и музейных коллекций, находящихся в государственной собственности Санкт-Петербурга, на праве оперативного управления за государственными музеями - издание Комитетом распоряжения о передаче заявителю в оперативное управление музейных предметов и музейных коллекций либо направление письма заявителю об отказе в передаче ему в оперативное управление музейных предметов и музейных коллекций^
по передаче в безвозмездное пользование музейных предметов и музейных коллекций, находящихся в государственной собственности Санкт-Петербурга, на определенный или неопределенный срок государственным музеям - издание Комитетом распоряжения о передаче заявителю в безвозмездное пользование музейных предметов и музейных коллекций, либо направление письма заявителю об отказе в передаче ему в безвозмездное пользование музейных предметов и музейных коллекций.
";15 минут распоряжение от 08.10.2013 №607;нет;23.04.2012;согласовано;26.04.2012;Демовская;;;;;;;;;;;;40.1;Предоставление музейных услуг;;Решения об управлении музейными предметами и музейными коллекциями, находящимися в государственной собственности субъектов Российской Федерации, принимаются органами исполнительной власти субъектов Российской Федерации, на которые возложено государственно;"ст.16 ФЗ от 26.05.1996 N 54-ФЗ ""О Музейном фонде Российской Федерации и музеях в Российской Федерации""
";;;;;;;19;;;;;;7,80E+18
р;;;;;;;3.5-3.;Исполняемое;;Комитет по культуре Санкт-Петербурга;"Реализовывать преимущественное право покупки музейных предметов и музейных коллекций в соответствии с Федеральным законом ""О Музейном фонде Российской Федерации и музеях в Российской Федерации"".";"Реализовывать преимущественное право покупки музейных предметов и музейных коллекций в соответствии с Федеральным законом ""О Музейном фонде Российской Федерации и музеях в Российской Федерации"".";1112;;функция;;;;;;;;;;;;;;;;;;;;;;;;;;;;;;;;;;;;;;;;;;;;;;;;;;;;;;;;;;;;;;;;;;;;от 23.09.2010 №29;от 27.09.2010 № 499;;;;;;;;;;;;;;;;;;;;;;;;;;;;;;40.1;Предоставление музейных услуг;;При совершении сделок дарения либо купли-продажи в отношении музейных предметов и музейных коллекций, включенных в состав негосударственной части Музейного фонда Российской Федерации, получатель дара либо покупатель обязан принимать на себя все обязательств;"ст.25 ФЗ от 26.05.1996 N 54-ФЗ ""О Музейном фонде Российской Федерации и музеях в Российской Федерации""
";;;;;;;;;;;;;
р;август;ПП СПБ об аттестации руководителей государственных образовательных учреждений (положение дополнено новым пунктом 3.6-3.);КАР №45;;;;3.6-.3.;Исполняемое;;Комитет по культуре Санкт-Петербурга;Организовывать и проводить аттестацию руководителей государственных образовательных учреждений, находящихся в ведении Комитета, и образовательных учреждений, подведомственных администрациям районов Санкт-Петербурга,                             в соответствии с действующими нормативными правовыми актами Санкт-Петербурга;Организовывать и проводить аттестацию руководителей государственных образовательных учреждений, находящихся в ведении Комитета, и образовательных учреждений, подведомственных администрациям районов Санкт-Петербурга,                             в соответствии с действующими нормативными правовыми актами Санкт-Петербурга;1113;;функция;;;;;;;;;;;;;;;;;;;;;;;;;;;;;;;;;;;;;;;;;;;;;;;;;;;;;;;;;;;;;;;;;;;;;;;;;;;;;;;;;;;;;;;;;;;;;;;;;;;;;;;;;;;;;;;;;;;;
р;;исключены слова в ПП СПб о внесении изменений в ПП СПБ от 25.05.2004 №806;;;;;3.6.;Общая;;Комитет по культуре Санкт-Петербурга;" Назначать на должность и освобождать от должности руководителей государственных унитарных предприятий, находящихся в ведении Комитета, а также применять к ним меры поощрения и дисциплинарного взыскания по согласованию с вице-губернатором Санкт-Петербурга, координирующим и контролирующим деятельность Комитета.
";" Назначать на должность и освобождать от должности руководителей государственных унитарных предприятий, находящихся в ведении Комитета, а также применять к ним меры поощрения и дисциплинарного взыскания по согласованию с вице-губернатором Санкт-Петербурга, координирующим и контролирующим деятельность Комитета.
";1114;;функция;;;;;;;;;;;;;;;;;;;;;;;;;;;;;;;;;;;;;;;;;;;;;;;;;;;;;;;;;;;;;;;;;;;;;;;;;;;;;;;;;;;;;;;;;;;;;;;;;;;;;;;;;;;;;;;;;;;;
р;;исключены слова в ПП СПб о внесении изменений в ПП СПБ от 25.05.2004 №806;;;;;3.6-1.;Общая;;Комитет по культуре Санкт-Петербурга;Согласовывать назначение на должность и освобождение от должности руководителей государственных унитарных предприятий и государственных учреждений, подведомственных администрациям районов Санкт-Петербурга, осуществляющих деятельность в сфере культуры, искусства, кинематографии, художественного и музыкального образования, а также применение к ним  к руководителям государственных унитарных предприятий, подведомственным администрациям  районов Санкт-Петербурга мер поощрения и дисциплинарного взыскания с учетом мнения вице-губернатора Санкт-Петербурга, координирующего и контролирующего деятельность Комитета.;Согласовывать назначение на должность и освобождение от должности руководителей государственных унитарных предприятий и государственных учреждений, подведомственных администрациям районов Санкт-Петербурга, осуществляющих деятельность в сфере культуры, искусства, кинематографии, художественного и музыкального образования, а также применение к ним  к руководителям государственных унитарных предприятий, подведомственным администрациям  районов Санкт-Петербурга мер поощрения и дисциплинарного взыскания с учетом мнения вице-губернатора Санкт-Петербурга, координирующего и контролирующего деятельность Комитета.;1115;;функция;;;;;;;;;;;;;;;;;;;;;;;;;;;;;;;;;;;;;;;;;;;;;;;;;;;;;;;;;;;;;;;;;;;;;;;;;;;;;;;;;;;;;;;;;;;;;;;;;;;;;;;;;;;;;;;;;;;;
р;;САНКТ-ПЕТЕРБУРГА ОТ 27.04.2010 N 450;;;;;3.6-2.;Исполняемое;;Комитет по культуре Санкт-Петербурга;Организовывать в пределах своей компетенции подготовку, переподготовку и повышение квалификации работников в сфере культуры, искусства, художественного и музыкального образования;Организовывать в пределах своей компетенции подготовку, переподготовку и повышение квалификации работников в сфере культуры;1116;;функция;;;;;;;;;;;;;;;;;;;;;;;;;;;;;;;;;;;;;;;;;;;;;;;;;;;;;;;;;;;;;;;;;;;;от 26.10.2010 №30;от 27.10.2011 №491;;;;;;;;;;;;;;;;;;;;;;;;;;;;;;;;;;"пп. 62 п. 2 ст. 26.3 Федерального закона от 06.10.1999 № 184-ФЗ ""Об общих принципах организации законодательных (представительных) и исполнительных органов государственной власти субъектов РФ""";;"п. 13 ст. 2 Закона Санкт-Петербурга от 19.03.2008 № 150-27 ""О разграничении полномочий Законодательного Собрания Санкт-Петербурга и Правительства СПб в сфере культуры""";;;;;;;;;;;
р;;изменена формулировка о внесении изменений в ППСПБ от 25.04.2008 №806;;;;;3.8.;Общая;;Комитет по культуре Санкт-Петербурга;Согласовывать проекты уставов и изменений в уставы государственных унитарных предприятий и государственных учреждений, подведомственных Комитету, за исключением случаев, указанных в пункте 3.7 и подведомственных Комитету Положения, а также осуществлять полномочия собственника в отношении имущества государственных унитарных предприятий и государственных учреждений, предоставленные Комитету в соответствии с его компетенцией. ;Согласовывать проекты уставов и изменений в уставы государственных унитарных предприятий и государственных учреждений, подведомственных Комитету, за исключением случаев, указанных в пункте 3.7 и подведомственных Комитету Положения, а также осуществлять полномочия собственника в отношении имущества государственных унитарных предприятий и государственных учреждений, предоставленные Комитету в соответствии с его компетенцией. ;1117;;функция;;;;;;;;;;;;;;;;;;;;;;;;;;;;;;;;;;;;;;;;;;;;;;;;;;;;;;;;;;;;;;;;;;;;;;;;;;;;;;;;;;;;;;;;;;;;;;;;;;;;;;;;;;;;;;;;;;;;
р;;;;;;;3.9-1.;Общая;;Комитет по культуре Санкт-Петербурга;"Обеспечивать представление подведомственными Комитету образовательными учреждениями сведений о детях, обучающихся в указанных образовательных учреждениях, в соответствии с Положением об организации учета обучающихся и воспитанников в образовательных учреждениях (организациях) системы общего образования Санкт-Петербурга, утвержденным постановлением Правительства Санкт-Петербурга от 17.02.2009 № 149 ""О мерах по реализации Закона Санкт-Петербурга ""Об общем образовании"", в базу данных по учету детей ""Параграф-Движение-район"" по месту их нахождения.";"Обеспечивать представление подведомственными Комитету образовательными учреждениями сведений о детях, обучающихся в указанных образовательных учреждениях, в соответствии с Положением об организации учета обучающихся и воспитанников в образовательных учреждениях (организациях) системы общего образования Санкт-Петербурга, утвержденным постановлением Правительства Санкт-Петербурга от 17.02.2009 № 149 ""О мерах по реализации Закона Санкт-Петербурга ""Об общем образовании"", в базу данных по учету детей ""Параграф-Движение-район"" по месту их нахождения.";1118;;функция;;;;;;;;;;;;;;;;;;;;;;;;;;;;;;;;;;;;;;;;;;;;;;;;;;;;;;;;;;;;;;;;;;;;;;;;;;;;;;;;;;;;02.08.2011;согласовано;17.08.2011;Крылов;;;;;от 16.09.2011 № 20-32-39/11-200-1 данное полномочие является общим;;;;;;;;;;;;"Обеспечивает представление подведомственными образовательными учреждениями сведений о детях, обучающихся в образовательных учреждениях, в соответствии с настоящим Положением в БД ""Параграф-Движение"" - район"" по месту их нахождения";"п. 4.8.4. Положения об организации учета обучающихся и воспитанников в образовательных учреждениях (организациях) системы общего образования Санкт-Петербурга (утверждено Постановлением Правительства Санкт-Петербурга от 17.2.2009 N 149)
";;;;;;;;;;;
р;;;;;;;3.9-2.;Общая;;Комитет по культуре Санкт-Петербурга;"Осуществлять контроль за ведением подведомственными Комитету образовательными учреждениями базы данных по учету детей ""Параграф-Движение"" - ОУ.";"Осуществлять контроль за ведением подведомственными Комитету образовательными учреждениями базы данных по учету детей ""Параграф-Движение"" - ОУ.";1119;;функция;;;;;;;;;;;;;;;;;;;;;;;;;;;;;;;;;;;;;;;;;;;;;;;;;;;;;;;;;;;;;;;;;;;;;;;;;;;;;;;;;;;;01.08.2011;согласовано;15.08.2011;Тарасов;;;;;от 16.09.2011 № 20-32-39/11-200-1 данное полномочие является общим;;;;;;;;;;;;"Осуществляет контроль за ведением подведомственными образовательными учреждениями БД ""Параграф-Движение"" - ОУ";"п. 4.8.4. Положения об организации учета обучающихся и воспитанников в образовательных учреждениях (организациях) системы общего образования Санкт-Петербурга (утверждено Постановлением Правительства Санкт-Петербурга от 17.2.2009 N 149)
";;;;;;;;;;;
р;;;;;;;3.10.;Общая;;Комитет по культуре Санкт-Петербурга;Разрабатывать методические материалы и рекомендации в соответствии с компетенцией Комитета.;Разрабатывать методические материалы и рекомендации в соответствии с компетенцией Комитета.;1120;;функция;;;;;;;;;;;;;;;;;;;;;;;;;;;;;;;;;;;;;;;;;;;;;;;;;;;;;;;;;;;;;;;;;;;;;;;;;;;;;;;;;;;;;;;;;;;;;;;;;;;;;;;;;;;;;;;;;;;;
р;;;;;;;3.12.;Общая;;Комитет по культуре Санкт-Петербурга;Разрабатывать и согласовывать проекты федеральных законов, нормативных правовых актов федеральных органов исполнительной власти, законов Санкт-Петербурга, постановлений и распоряжений Губернатора Санкт-Петербурга, постановлений и распоряжений Правительства Санкт-Петербурга по вопросам, относящимся к компетенции Комитета.;Разрабатывать и согласовывать проекты федеральных законов, нормативных правовых актов федеральных органов исполнительной власти, законов Санкт-Петербурга, постановлений и распоряжений Губернатора Санкт-Петербурга, постановлений и распоряжений Правительства Санкт-Петербурга по вопросам, относящимся к компетенции Комитета.;1121;;функция;;;;;;;;;;;;;;;;;;;;;;;;;;;;;;;;;;;;;;;;;;;;;;;;;;;;;;;;;;;;;;;;;;;;;;;;;;;;;;;;;;;;;;;;;;;;;;;;;;;;;;;;;;;;;;;;;;;;
р;;;;;;;3.13.;Общая;;Комитет по культуре Санкт-Петербурга;Участвовать в разработке проектов договоров и соглашений, заключаемых от имени Санкт-Петербурга, Правительства Санкт-Петербурга, по вопросам, находящимся в ведении Комитета, обеспечивать выполнение обязательств Санкт-Петербурга, Правительства Санкт-Петербурга по данным договорам и соглашениям.;Участвовать в разработке проектов договоров и соглашений, заключаемых от имени Санкт-Петербурга, Правительства Санкт-Петербурга, по вопросам, находящимся в ведении Комитета, обеспечивать выполнение обязательств Санкт-Петербурга, Правительства Санкт-Петербурга по данным договорам и соглашениям.;1122;;функция;;;;;;;;;;;;;;;;;;;;;;;;;;;;;;;;;;;;;;;;;;;;;;;;;;;;;;;;;;;;;;;;;;;;;;;;;;;;;;;;;;;;;;;;;;;;;;;;;;;;;;"Изменение формулировки: ""Участвовать в разработке проектов договоров и соглашений, заключаемых от имени Санкт-Петербурга, Правительства Санкт-Петербурга, по вопросам, находящимся в компетенции Комитета, обеспечивать выполнение обязательств Санкт-Петербурга, Правительства Санкт-Петербурга по данном договор и соглашениям.";;;;;;;;;;;;;;
р;;;;;;;3.14.;Общая;;Комитет по культуре Санкт-Петербурга;Принимать участие в формировании проектов бюджета Санкт-Петербурга в подведомственной Комитету сфере.;Принимать участие в формировании проектов бюджета Санкт-Петербурга в подведомственной Комитету сфере.;1123;;функция;;;;;;;;;;;;;;;;;;;;;;;;;;;;;;;;;;;;;;;;;;;;;;;;;;;;;;;;;;;;;;;;;;;;;;;;;;;;;;;;;;;;;;;;;;;;;;;;;;;;;;;;;;;;;;;;;;;;
р;;;;;;;3.15.;Общая;;Комитет по культуре Санкт-Петербурга;Выступать от имени Санкт-Петербурга, а также Губернатора Санкт-Петербурга, Правительства Санкт-Петербурга по их поручению по вопросам, отнесенным к компетенции Комитета, в судебных органах, иных органах государственной власти, органах местного самоуправления в Санкт-Петербурге.;Выступать от имени Санкт-Петербурга, а также Губернатора Санкт-Петербурга, Правительства Санкт-Петербурга по их поручению по вопросам, отнесенным к компетенции Комитета, в судебных органах, иных органах государственной власти, органах местного самоуправления в Санкт-Петербурге.;1124;;функция;;;;;;;;;;;;;;;;;;;;;;;;;;;;;;;;;;;;;;;;;;;;;;;;;;;;;;;;;;;;;;;;;;;;;;;;;;;;;;;;;;;;;;;;;;;;;;;;;;;;;;;;;;;;;;;;;;;;
р;;;;;;;3.16.;Общая;;Комитет по культуре Санкт-Петербурга;Представлять по поручению Губернатора Санкт-Петербурга, интересы Санкт-Петербурга в органах государственной власти и неправительственных организациях зарубежных стран, международных организациях по вопросам, отнесенным к компетенции Комитета.;Представлять по поручению Губернатора Санкт-Петербурга, интересы Санкт-Петербурга в органах государственной власти и неправительственных организациях зарубежных стран, международных организациях по вопросам, отнесенным к компетенции Комитета.;1125;;функция;;;;;;;;;;;;;;;;;;;;;;;;;;;;;;;;;;;;;;;;;;;;;;;;;;;;;;;;;;;;;;;;;;;;;;;;;;;;;;;;;;;;;;;;;;;;;;;;;;;;;;;;;;;;;;;;;;;;
р;;;;;;;3.17.;Общая;;Комитет по культуре Санкт-Петербурга;Осуществлять в пределах компетенции Комитета международное сотрудничество в области международных культурных связей в соответствии с законодательством Российской Федерации, участвовать в осуществлении государственной политики в сфере культуры в отношении соотечественников за рубежом, за исключением вопросов, решение которых отнесено к ведению Российской Федерации.;Осуществлять в пределах компетенции Комитета международное сотрудничество в области международных культурных связей в соответствии с законодательством Российской Федерации, участвовать в осуществлении государственной политики в сфере культуры в отношении соотечественников за рубежом, за исключением вопросов, решение которых отнесено к ведению Российской Федерации.;1126;;функция;;;;;;;;;;;;;;;;;;;;;;;;;;;;;;;;;;;;;;;;;;;;;;;;;;;;;;;;;;;;;;;;;;;;;;;;;;;;;;;;;;;;;;;;;;;;;;;;;;;;;;;;;;;;;;;;;;;;
р;;;;;;;3.18.;Общая;;Комитет по культуре Санкт-Петербурга;Проводить конференции, совещания, семинары, организовывать выставки по вопросам, находящимся в компетенции Комитета;Проводить конференции, совещания, семинары, организовывать выставки по вопросам, находящимся в компетенции Комитета;1127;;функция;;;;;;;;;;;;;;;;;;;;;;;;;;;;;;;;;;;;;;;;;;;;;;;;;;;;;;;;;;;;;;;;;;;;;;;;;;;;;;;;;;;;;;;;;;;;;;;;;;;;;;24.12.2010 на КАР изменена формулировка (вместо услуги, общая функция);;"п. 1 ст. 8 Закона Санкт-Петербурга от 24.06.2009 № 335-66 ""О Правительстве Санкт-Петербурга""";;;;;;;;;;;;
р;;;;;;;3.18-1.;Исполняемое;;Комитет по культуре Санкт-Петербурга;Организовывать и проводить в соответствии с правовыми актами Правительства Санкт-Петербурга мероприятия, посвященные международным, общепризнанным (традиционным) и общероссийским праздникам и памятным датам, праздникам Санкт-Петербурга, праздникам в честь основания городов на территории Санкт-Петербурга, детским и юношеским праздникам и памятным датам Санкт-Петербурга (за исключением централизованного оформления Санкт-Петербурга).;Организовывать и проводить в соответствии с правовыми актами Правительства Санкт-Петербурга мероприятия, посвященные международным, общепризнанным (традиционным) и общероссийским праздникам и памятным датам, праздникам Санкт-Петербурга, праздникам в честь основания городов на территории Санкт-Петербурга, детским и юношеским праздникам и памятным датам Санкт-Петербурга (за исключением централизованного оформления Санкт-Петербурга).;1128;;функция;;;;;;;;;;;;;;;;;;;;;;;;;;;;;;;;;;;;;;;;;;;;;;;;;;;;;;;;;;;;;;;;;;;;21.02.2011 КАР №33;от 18.03.2011 №123;;;;;;;;;;;;;;;;;;;;;;;;;;;;;;;;;;;;"Постановление Правительства Санкт-Петербурга от 24.8.2006 N 1023 ""О реализации Закона Санкт-Петербурга от 12.10.2005 N 555-78 ""О праздниках и памятных датах в Санкт-Петербурге""

";;;;;;;;;;разработка регламента была запланирована на IV квартале 2010 года;
р;;;;;;;3.18-2.;Общая;;Комитет по культуре Санкт-Петербурга;Разрабатывать  и организовывать реализацию программ  и планов, в том числе долгосрочных целевых программ  и  ведомственных  целевых программ Санкт-Петербурга, в  пределах компетенции Комитета;Разрабатывать  и организовывать реализацию программ  и планов, в том числе долгосрочных целевых программ  и  ведомственных  целевых программ Санкт-Петербурга, в  пределах компетенции Комитета;1129;;функция;;;;;;;;;;;;;;;;;;;;;;;;;;;;;;;;;;;;;;;;;;;;;;;;;;;;;;;;;;;;;;;;;;;;;;;;;;;;;;;;;;;;;;;;;;;;;;;;;;;;;;"Изменение формулировки: ""Разрабатывать проекты программ и планов в сфере деятельности Комитета"".";;;"п. 5 ст. 2 Закона СПб от 17.04.2008 № 150-27 ""О разграничении полномочий Законодательного Собрания Санкт-Петербурга и Правительства СПб в сфере культуры""";;;;;;;;;;разработка регламента была запланирована на IV квартале 2010 года;
р;;;;;;;3.18-3;Исполняемое;;Комитет по культуре Санкт-Петербурга;Участвовать в осуществлении поддержки народных художественных промыслов (за исключением организаций народных художественных промыслов в соответствии с перечнем, утвержденным Правительством Российской Федерации), создавать условия для развития местного традиционного народного художественного творчества.;Участвовать в осуществлении поддержки народных художественных промыслов (за исключением организаций народных художественных промыслов в соответствии с перечнем, утвержденным Правительством Российской Федерации), создавать условия для развития местного традиционного народного художественного творчества.;1130;;функция;;;;;;;;;;;;;;;;;;;;;;;;;;;;;;;;;;;;;;;;;;;;;;;;;;;;;;;;;;;;;;;;;;;;от 17.03.2010 № 23;от 24.03.2010 № 122;;;;;;;;;;;;;;;;;;;;;;;;;;;;;;42.1.;Поддержка народных художественных промыслов;;Поддержка народных художественных промыслов (за исключением организаций народных художественных промыслов, перечень которых утверждается уполномоченным Правительством Российской Федерации федеральным органом исполнительной власти)                         ;"ст. 39-40 ""Основы законодательства Российской Федерации о культуре"" от 09.10.1992 N 3612-1
";;;;;;;;;;;;;
р;;;;;;;3.18-4.;Исполняемое;;Комитет по культуре Санкт-Петербурга;Рассматривать в установленном порядке уведомления о проведении в Санкт-Петербурге культурно-массовых мероприятий вне предназначенных для этого мест;Рассмотрение в установленном порядке уведомления о проведении в Санкт-Петербурге культурно-массовых мероприятий вне предназначенных для этого мест;1131;;услуга;физ/юр;;;;;;;;;;;;;;;;;;;;да;Дорожная карта Комитета по культуре;1. Низкая доля обращений через МФЦ – 2%.;;15.09.2014;;;;;;;;исполнено;;5.38.;5.22.;07-01/1-41/13 от 03.04.2013;01.02.2012;реализовано Шереметьев;5.1 III;119  114 V;;;"п.59 приложения 16 ГК 49/13                                   п. 184 (ЭДО)
приложения 18 ГК 49/13";;99 приложения 1;V;;;;;;;;;29 приложения 12;;УЭК введен распоряжением Комитета от 26.08.2011 № 418;01.09.2012;п.59 приложения 16 ГК 49/13;;;;;221;;;от 28.06.2011 № 37;от  08.07.2011 №362;от 29.04.2013 N 253;безвозмездно;нет;2;"1. регистрация заявления
2. направление уведомления";нет;нет;нет;нет;нет;нет;"2.3. Результат предоставления государственной услуги:
Направленное письмо заявителю о согласовании проведения культурно-массового мероприятия по представленному уведомлению, либо об условиях, которые должны быть выполнены заявителем при проведении культурно-массового мероприятия, либо о необходимости получения дополнительных согласований.
Направленное письмо о согласовании по представленному уведомлению в исполнительные органы государственной власти, указанные в пункте 1.3 настоящего регламента с указанием цели, формы и места проведения, даты, времени начала и окончания массового мероприятия, предполагаемого количества участников и контактных телефонов организаторов мероприятия
";15 минут распоряжение от 05.11.2013 №672;нет;10.06.2011;согласовано;22.06.2011;Ячменева;;;;;;;;;;;;;;;;;"Внести изменение в Положение о Комитете по культуре, дополнив его пунктом следующего содержания:
Рассматривать в установленном порядке уведомления о проведении в Санкт-Петербурге культурно-массовых мероприятий вне предназначенных для этого мест";"п.1 Постановления Правительства Санкт-Петербурга от 5.2.2010 N 85 ""О внесении изменения в постановление Правительства Санкт-Петербурга от 25.05.2004 N 806""
";;;;;182;;;;;;7,80E+18
ар;;;;;;;3.6.29. ;Исполняемое;Администрация района;Комитет по культуре Санкт-Петербурга;Рассматривать в установленном порядке уведомления о проведении культурно-массовых и спортивных мероприятий вне предназначенных для этого мест, рассматривать уведомления о проведении массовых мероприятий, проводимых в коммерческих целях, в пределах своей компетенции;Рассматривать в установленном порядке уведомления о проведении культурно-массовых и спортивных мероприятий вне предназначенных для этого мест, рассматривать уведомления о проведении массовых мероприятий, проводимых в коммерческих целях, в пределах своей компетенции;1132;;услуга;;;;;;;;;;17;ноябрь;Требуется разработка административного регламента;;;;;;;;;;;;;;;;;;;;;;;;;;;;;;;;;;дополнить;V;224;;;;;;;;;;;;;;;;;;;;;;;;;;;;;;;;;;;;;;;;;;;;;;;;;;;;;;;;;;;;;;;;;;;;
р;;;;;;;3.20.;Общая;;Комитет по культуре Санкт-Петербурга;Создавать в установленном порядке рабочие группы, комиссии, коллегии, научно-консультативные и экспертные советы с привлечением представителей исполнительных органов государственной власти Санкт-Петербурга, исполнительных органов государственной власти  Санкт-Петербурга, иных государственных органов, органов местного самоуправления , предприятий, учреждений, организаций и обеспечивать их деятельность, утверждать составы рабочих групп, комиссий, коллегий, советов и положения о них.;Создавать в установленном порядке рабочие группы, комиссии, коллегии, научно-консультативные и экспертные советы с привлечением представителей исполнительных органов государственной власти Санкт-Петербурга, исполнительных органов государственной власти  Санкт-Петербурга, иных государственных органов, органов местного самоуправления , предприятий, учреждений, организаций и обеспечивать их деятельность, утверждать составы рабочих групп, комиссий, коллегий, советов и положения о них.;1133;;функция;;;;;;;;;;;;;;;;;;;;;;;;;;;;;;;;;;;;;;;;;;;;;;;;;;;;;;;;;;;;;;;;;;;;;;;;;;;;;;;;;;;;;;;;;;;;;;;;;;;;;;;;;;;;;;;;;;;;
р;;;;;;;3.21.;Общая;;Комитет по культуре Санкт-Петербурга;Представлять Губернатору Санкт-Петербурга, Правительству Санкт-Петербурга заключения по вопросам, относящимся к компетенции Комитета.;Представлять Губернатору Санкт-Петербурга, Правительству Санкт-Петербурга заключения по вопросам, относящимся к компетенции Комитета.;1134;;функция;;;;;;;;;;;;;;;;;;;;;;;;;;;;;;;;;;;;;;;;;;;;;;;;;;;;;;;;;;;;;;;;;;;;;;;;;;;;;;;;;;;;;;;;;;;;;;;;;;;;;;;;;;;;;;;;;;;;
р;;;;;;;3.22.;Общая;;Комитет по культуре Санкт-Петербурга;Запрашивать и получать от исполнительных органов государственной власти Санкт-Петербурга, иных государственных органов и органов местного самоуправления в Санкт-Петербурге, организаций и должностных лиц информацию, документы и материалы, необходимые для осуществления задач, возложенных на Комитет, передавать в установленном порядке информацию указанным органам, организациям и должностным лицам.;Запрашивать и получать от исполнительных органов государственной власти Санкт-Петербурга, иных государственных органов и органов местного самоуправления в Санкт-Петербурге, организаций и должностных лиц информацию, документы и материалы, необходимые для осуществления задач, возложенных на Комитет, передавать в установленном порядке информацию указанным органам, организациям и должностным лицам.;1135;;функция;;;;;;;;;;;;;;;;;;;;;;;;;;;;;;;;;;;;;;;;;;;;;;;;;;;;;;;;;;;;;;;;;;;;;;;;;;;;;;;;;;;;;;;;;;;;;;;;;;;;;;;;;;;;;;;;;;;;
р;;;;;;;3.22.;Общая;;Комитет по культуре Санкт-Петербурга;"Обеспечивать рассмотрение обращений граждан и организаций в соответствии с действующим законодательством. Обеспечивать организацию приема граждан и представителей организаций по вопросам, отнесенным к компетенции Комитета
";"Обеспечивать рассмотрение обращений граждан и организаций в соответствии с действующим законодательством. Обеспечивать организацию приема граждан и представителей организаций по вопросам, отнесенным к компетенции Комитета
";1136;;функция;;;;;;;;;;;;;;;;;;;;;;;;;;;;;;;;;;;;;;;;;;;;;;;;;;;;;;;;;;;;;;;;;;;;;;;;;;;;;;;;;;;;;;;;;;;;;;;;;;;;;;;;;;;;;;;;;;;;
р;;;;;;;3.24.;Общая;;Комитет по культуре Санкт-Петербурга;Участвовать в соответствии с компетенцией Комитета в ликвидации чрезвычайных ситуаций и последствий стихийных бедствий.;Участвовать в соответствии с компетенцией Комитета в ликвидации чрезвычайных ситуаций и последствий стихийных бедствий.;1137;;функция;;;;;;;;;;;;;;;;;;;;;;;;;;;;;;;;;;;;;;;;;;;;;;;;;;;;;;;;;;;;;;;;;;;;;;;;;;;;;;;;;;;;;;;;;;;;;;;;;;;;;;;;;;;;;;;;;;;;
р;;;;;;;3.24-1.;Общая;;Комитет по культуре Санкт-Петербурга;Осуществлять в пределах компетенции Комитета деятельность по профилактике правонарушений в Санкт-Петербурге.;Осуществлять в пределах компетенции Комитета деятельность по профилактике правонарушений в Санкт-Петербурге.;1138;;функция;;;;;;;;;;;;;;;;;;;;;;;;;;;;;;;;;;;;;;;;;;;;;;;;;;;;;;;;;;;;;;;;;;;;;;;;;;;;;;;;;;;;;;;;;;;;;;;;;;;;;;;;;"постановление Правительства Санкт-Петербурга от 26.02.2008 № 186 ""О мерах по совершенствованию деятельности ИОГВ в сфере профилактики правонарушений в Санкт-Петербурге""";;;;;;;;;;;
р;;;;;;;3.24-2.;Общая;;Комитет по культуре Санкт-Петербурга;Осуществлять в пределах компетенции Комитета деятельность по реализации антикоррупционной политики в Санкт-Петербурге.;Осуществлять в пределах компетенции Комитета деятельность по реализации антикоррупционной политики в Санкт-Петербурге.;1139;;функция;;;;;;;;;;;;;;;;;;;;;;;;;;;;;;;;;;;;;;;;;;;;;;;;;;;;;;;;;;;;;;;;;;;;;;;;;;;;;;;;;;;;;;;;;;;;;;;;;;;;;;;;;;;;;;;;;;;;
р;;;;;;;3.24-3.;Общая;;Комитет по культуре Санкт-Петербурга;Обеспечивать реализацию мер по противодействию коррупции в Комитете, подведомственных Комитету государственных унитарных предприятиях и государственных учреждениях, в том числе автономных учреждениях, находящихся в ведении Комитета.;Обеспечивать реализацию мер по противодействию коррупции в Комитете, подведомственных Комитету государственных унитарных предприятиях и государственных учреждениях, в том числе автономных учреждениях, находящихся в ведении Комитета.;1140;;функция;;;;;;;;;;;;;;;;;;;;;;;;;;;;;;;;;;;;;;;;;;;;;;;;;;;;;;;;;;;;;;;;;;;;;;;;;;;;;;;;;;;;26.09.2012;согласовано;01.10.2012;Ковалев;;;;;;;;;;;;;;;;;;;;;;;;;;;;;
р;;;;;;;3.25.;Общая;;Комитет по культуре Санкт-Петербурга;Осуществлять полномочия главного распорядителя средств бюджета Санкт-Петербурга и государственного заказчика Санкт-Петербурга в установленном порядке.;Осуществлять полномочия главного распорядителя средств бюджета Санкт-Петербурга и государственного заказчика Санкт-Петербурга в установленном порядке.;1141;;функция;;;;;;;;;;;;;;;;;;;;;;;;;;;;;;;;;;;;;;;;;;;;;;;;;;;;;;;;;;;;;;;;;;;;;;;;;;;;;;;;;;;;;;;;;;;;;;;;;;;;;;;;;;;;;;;;;;;;
р;;;;;;;3.26.;Общая;;Комитет по культуре Санкт-Петербурга;Издавать правовые акты в пределах своей компетенции.;Издавать правовые акты в пределах своей компетенции.;1142;;функция;;;;;;;;;;;;;;;;;;;;;;;;;;;;;;;;;;;;;;;;;;;;;;;;;;;;;;;;;;;;;;;;;;;;;;;;;;;;;;;;;;;;;;;;;;;;;;;;;;;;;;;;;;;;;;;;;;;;
р;;;;;;;3.26-1.;Общая;;Комитет по культуре Санкт-Петербурга;Устанавливать минимум необходимых работ (услуг) для подведомственных организаций (филиалов, представительств, иных обособленных структурных подразделений), подведомственных Комитету, выполняемых их работниками в период проведения забастовок в случае не достижения сторонами коллективного трудового спора соответствующего соглашения.;Устанавливать минимум необходимых работ (услуг) для подведомственных организаций (филиалов, представительств, иных обособленных структурных подразделений), подведомственных Комитету, выполняемых их работниками в период проведения забастовок в случае не достижения сторонами коллективного трудового спора соответствующего соглашения.;1143;;функция;;;;;;;;;;;;;;;;;;;;;;;;;;;;;;;;;;;;;;;;;;;;;;;;;;;;;;;;;;;;;;;;;;;;;;;;;;;;;;;;;;;;;;;;;;;;;;;;;;;;;;;;;"постановление Правительства Санкт-Петербурга от 26.08.2008 № 1089 ""Об утверждении Регионального перечня минимума необходимых работ (услуг), выполняемых в период проведения забастовок работниками организаций (филиалов, представительств, иных обособленных структурных подразделений), индивидуальных предпринимателей в сфере образования"".";;;;;;;;;;;
р;;;;;;;3.26-2.;Общая;;Комитет по культуре Санкт-Петербурга;Осуществлять по согласованию с управлением социального питания выбор формы обеспечения социального питания в подведомственных Комитету государственных учреждениях, утверждать перечни подведомственных Комитету государственных учреждений с указанием форм обеспечения социального питания, а также вносить изменения по согласованию с управлением социального питания в указанные перечни.;Осуществлять по согласованию с управлением социального питания выбор формы обеспечения социального питания в подведомственных Комитету государственных учреждениях, утверждать перечни подведомственных Комитету государственных учреждений с указанием форм обеспечения социального питания, а также вносить изменения по согласованию с управлением социального питания в указанные перечни.;1144;;функция;;;;;;;;;;;;;;;;;;;;;;;;;;;;;;;;;;;;;;;;;;;;;;;;;;;;;;;;;;;;;;;;;;;;;;;;;;;;;;;;;;;;;;;;;;;;;;;;;;;;;;;;;"постановление Правительства Санкт-Петербурга от 22.09.2009 № 1032 ""О внесении изменений в некоторые постановления Правительства Санкт-Петербурга"" ";;;;;;;;;;;
р;;;;;;;3.26-3.;Общая;;Комитет по культуре Санкт-Петербурга;Обеспечивать проведение конкурсного отбора организаций общественного питания на право заключения договоров об организации социального питания в подведомственных Комитету государственных учреждениях.;Обеспечивать проведение конкурсного отбора организаций общественного питания на право заключения договоров об организации социального питания в подведомственных Комитету государственных учреждениях.;1145;;функция;;;;;;;;;;;;;;;;;;;;;;;;;;;;;;;;;;;;;;;;;;;;;;;;;;;;;;;;;;;;;;;;;;;;;;;;;;;;;;;;;;;;;;;;;;;;;;;;;;;;;;"административные процедуры общей государственной функции ""Организация социального питания в подведомственных ИОГВ ГУ""""";;;;;;;;;;;;;;
р;;;;;;;3.26-4.;Общая;;Комитет по культуре Санкт-Петербурга;Создавать конкурсную комиссию по проведению конкурсного отбора организаций общественного питания на право заключения договоров об организации социального питания в подведомственных Комитету государственных учреждениях и осуществлять организационное и материально-техническое обеспечение ее деятельности.;Создавать конкурсную комиссию по проведению конкурсного отбора организаций общественного питания на право заключения договоров об организации социального питания в подведомственных Комитету государственных учреждениях и осуществлять организационное и материально-техническое обеспечение ее деятельности.;1146;;функция;;;;;;;;;;;;;;;;;;;;;;;;;;;;;;;;;;;;;;;;;;;;;;;;;;;;;;;;;;;;;;;;;;;;;;;;;;;;;;;;;;;;;;;;;;;;;;;;;;;;;;;;;;;;;;;;;;;;
р;;;;;;;3.26-5.;Общая;;Комитет по культуре Санкт-Петербурга;Определять при проведении конкурсного отбора организаций общественного питания на право заключения договоров об организации социального питания в подведомственных Комитету государственных учреждениях сроки представления указанными учреждениями конкурсных заданий, содержащих условия оказания услуг общественного питания в указанных учреждениях.;Определять при проведении конкурсного отбора организаций общественного питания на право заключения договоров об организации социального питания в подведомственных Комитету государственных учреждениях сроки представления указанными учреждениями конкурсных заданий, содержащих условия оказания услуг общественного питания в указанных учреждениях.;1147;;функция;;;;;;;;;;;;;;;;;;;;;;;;;;;;;;;;;;;;;;;;;;;;;;;;;;;;;;;;;;;;;;;;;;;;;;;;;;;;;;;;;;;;;;;;;;;;;;;;;;;;;;;;;;;;;;;;;;;;
р;;;;;;;3.26-6.;Общая;;Комитет по культуре Санкт-Петербурга;Осуществлять в пределах своей компетенции представление информации об организации социального питания в Санкт-Петербурге в средствах массовой информации.;Осуществлять в пределах своей компетенции представление информации об организации социального питания в Санкт-Петербурге в средствах массовой информации.;1148;;функция;;;;;;;;;;;;;;;;;;;;;;;;;;;;;;;;;;;;;;;;;;;;;;;;;;;;;;;;;;;;;;;;;;;;;;;;;;;;;;;;;;;;;;;;;;;;;;;;;;;;;;;;;;;;;;;;;;;;
р;;;;;;;3.26-7.;Общая;;Комитет по культуре Санкт-Петербурга;Участвовать в пределах своей компетенции в формировании перечня категорий граждан в Санкт-Петербурге, подлежащих обеспечению социальным питанием, по подведомственным Комитету государственным учреждениям в соответствии с их типами (видами);Участвовать в пределах своей компетенции в формировании перечня категорий граждан в Санкт-Петербурге, подлежащих обеспечению социальным питанием, по подведомственным Комитету государственным учреждениям в соответствии с их типами (видами);1149;;функция;;;;;;;;;;;;;;;;;;;;;;;;;;;;;;;;;;;;;;;;;;;;;;;;;;;;;;;;;;;;;;;;;;;;;;;;;;;;;;;;;;;;;;;;;;;;;;;;;;;;;;;;;;;;;;;;;;;;
р;апр.14;;КАР № 59;;;;3.26-8.;Исполняемое;;Комитет по культуре Санкт-Петербурга;Предоставлять в порядке, предусмотренном Правительством Санкт-Петербурга, дополнительные меры социальной поддержки работникам государственных учреждений, подведомственных Комитету;" Единовременная выплата молодым специалистам  государственных образовательных учреждений
";1150;;услуга;;;;;;;;;;;;;;;дополнить;;Постановление Правительства Санкт-Петербурга от 10.10.2013 N 773 ;;;;;;;;;;;;;;;;;;;;;;;;;;;;;;;;;;;;;;;;;;;;;;;;;;;;;;;;;;;;;;;;;;;;;;;;;;;;;;;;;;;;;;;;;;;;;;;;;;;
Р;;;;;;;3.26-8.;Исполняемое;;Комитет по культуре Санкт-Петербурга;Предоставлять в порядке, предусмотренном Правительством Санкт-Петербурга, дополнительные меры социальной поддержки работникам государственных учреждений, подведомственных Комитету; Ежемесячная денежная компенсация на приобретение книгоиздательской продукции и периодических изданий - педагогическим работникам государственных образовательных учреждений;1151;;услуга;;;;;;;;;;;;;;;дополнить;;Постановление Правительства Санкт-Петербурга от 10.10.2013 N 773 ;;;;;;;;;;;;;;;;;;;;;;;;;;;;;;;;;;;;;;;;;;;;;;;;;;;;;;;;;;;;;;;;;;;;;;;;;;;;;;;;;;;;;;;;;;;;;;;;;;;
Р;;;;;;;3.26-8.;Исполняемое;;Комитет по культуре Санкт-Петербурга;Предоставлять в порядке, предусмотренном Правительством Санкт-Петербурга, дополнительные меры социальной поддержки работникам государственных учреждений, подведомственных Комитету; Ежемесячная денежная компенсация затрат на проезд на всех видах транспорта общего пользования в Санкт-Петербурге (кроме такси) в размере 50 процентов от стоимости единого месячного проездного (трамвай, троллейбус, автобус, метро) билета в Санкт-Петербурге - молодым специалистам со стажем педагогической работы до трех лет, являющимся педагогическими работниками образовательных учреждений;1152;;услуга;;;;;;;;;;;;;;;дополнить;;Постановление Правительства Санкт-Петербурга от 10.10.2013 N 773 ;;;;;;;;;;;;;;;;;;;;;;;;;;;;;;;;;;;;;;;;;;;;;;;;;;;;;;;;;;;;;;;;;;;;;;;;;;;;;;;;;;;;;;;;;;;;;;;;;;;
Р;;;;;;;3.26-8.;Исполняемое;;Комитет по культуре Санкт-Петербурга;Предоставлять в порядке, предусмотренном Правительством Санкт-Петербурга, дополнительные меры социальной поддержки работникам государственных учреждений, подведомственных Комитету;Денежная компенсация затрат для организации отдыха и оздоровления в размере 2,5 базовой единицы один раз в пять лет за счет средств бюджета Санкт-Петербурга - педагогическим работникам государственного образовательного учреждения, для которых государственные образовательные учреждения являются основным местом работы.;1153;;услуга;;;;;;;;;;;;;;;дополнить;;Постановление Правительства Санкт-Петербурга от 10.10.2013 N 773 ;;;;;;;;;;;;;;;;;;;;;;;;;;;;;;;;;;;;;;;;;;;;;;;;;;;;;;;;;;;;;;;;;;;;;;;;;;;;;;;;;;;;;;;;;;;;;;;;;;;
Р;;;;;;;3.26-8.;Исполняемое;;Комитет по культуре Санкт-Петербурга;Предоставлять в порядке, предусмотренном Правительством Санкт-Петербурга, дополнительные меры социальной поддержки работникам государственных учреждений, подведомственных Комитету;Ежемесячная денежная компенсация расходов на оплату 50 процентов занимаемой общей площади жилых помещений (в коммунальных квартирах - занимаемой жилой площади) - работникам государственных учреждений, расположенных в сельской местности;1154;;услуга;;;;;;;;;;;;;;;дополнить;;Постановление Правительства Санкт-Петербурга от 10.10.2013 N 773 ;;;;;;;;;;;;;;;;;;;;;;;;;;;;;;;;;;;;;;;;;;;;;;;;;;;;;;;;;;;;;;;;;;;;;;;;;;;;;;;;;;;;;;;;;;;;;;;;;;;
Р;;;;;;;3.26-8.;Исполняемое;;Комитет по культуре Санкт-Петербурга;Предоставлять в порядке, предусмотренном Правительством Санкт-Петербурга, дополнительные меры социальной поддержки работникам государственных учреждений, подведомственных Комитету;Ежемесячная денежная компенсация расходов на оплату 50 процентов коммунальных услуг (водоснабжение, водоотведение, вывоз бытовых и других отходов, газ, электрическая и тепловая энергия) - работникам государственных учреждений, расположенных в сельской местности;1155;;услуга;;;;;;;;;;;;;;;дополнить;;Постановление Правительства Санкт-Петербурга от 10.10.2013 N 773 ;;;;;;;;;;;;;;;;;;;;;;;;;;;;;;;;;;;;;;;;;;;;;;;;;;;;;;;;;;;;;;;;;;;;;;;;;;;;;;;;;;;;;;;;;;;;;;;;;;;
Р;;;;;;;3.26-8.;Исполняемое;;Комитет по культуре Санкт-Петербурга;Предоставлять в порядке, предусмотренном Правительством Санкт-Петербурга, дополнительные меры социальной поддержки работникам государственных учреждений, подведомственных Комитету;Денежная компенсация расходов на приобретение и доставку топлива в размере 100 процентов работникам, проживающим в домах, не имеющих центрального отопления, - работникам государственных учреждений, расположенных в сельской местности;1156;;услуга;;;;;;;;;;;;;;;дополнить;;Постановление Правительства Санкт-Петербурга от 10.10.2013 N 773 ;;;;;;;;;;;;;;;;;;;;;;;;;;;;;;;;;;;;;;;;;;;;;;;;;;;;;;;;;;;;;;;;;;;;;;;;;;;;;;;;;;;;;;;;;;;;;;;;;;;
р;;;;;;;3.27.;Исполняемое;;Комитет по культуре Санкт-Петербурга;Участвовать в осуществлении мер государственной поддержки кинематографии.;Участвовать в осуществлении мер государственной поддержки кинематографии.;1157;;функция;;;;;;;;;;;;;;;;;;;;;;;;;;;;;;;;;;;;;;;;;;;;;;;;;;;;;;;;;;;;;;;;;;;;от 24.11.2009 № 20;от 25.11.2009 N 776;;;;;;;;;;;;;;;;;;;;;;;;;;;;;;;;;"Полномочия по осуществлению государственной поддержки кинематографии возлагаются Правительством Российской Федерации на федеральный орган исполнительной власти, который взаимодействует с органами исполнительной власти субъектов Российской Федерации.
";"ст.5 ФЗ от 22.08.1996 N 126-ФЗ ""О государственной поддержке кинематографии Российской Федерации""
";;;;;;;;;;;;;
р;;;;;;;3.29.;Общая;;Комитет по культуре Санкт-Петербурга;Обеспечивать организацию и проведение мероприятий по мобилизационной подготовке Комитета, разрабатывать и утверждать мобилизационный план Комитета и мобилизационные задания подведомственным Комитету государственным унитарным предприятиям и государственным учреждениям.;Обеспечивать организацию и проведение мероприятий по мобилизационной подготовке Комитета, разрабатывать и утверждать мобилизационный план Комитета и мобилизационные задания подведомственным Комитету государственным унитарным предприятиям и государственным учреждениям.;1158;;функция;;;;;;;;;;;;;;;;;;;;;;;;;;;;;;;;;;;;;;;;;;;;;;;;;;;;;;;;;;;;;;;;;;;;;;;;;;;;;;;;;;;;;;;;;;;;;;;;;;;;;;;;;;;;;;;;;;;;
р;;;;;;;3.30.;Общая;;Комитет по культуре Санкт-Петербурга;Осуществлять взаимодействие с федеральными органами исполнительной власти, исполнительными органами государственной власти Санкт-Петербурга, органами местного самоуправления в Санкт-Петербурге для согласованного проведения мобилизационных мероприятий.;Осуществлять взаимодействие с федеральными органами исполнительной власти, исполнительными органами государственной власти Санкт-Петербурга, органами местного самоуправления в Санкт-Петербурге для согласованного проведения мобилизационных мероприятий.;1159;;функция;;;;;;;;;;;;;;;;;;;;;;;;;;;;;;;;;;;;;;;;;;;;;;;;;;;;;;;;;;;;;;;;;;;;;;;;;;;;;;;;;;;;;;;;;;;;;;;;;;;;;;;;;;;;;;;;;;;;
р;;;;;;;3.30-1.;Общая;;Комитет по культуре Санкт-Петербурга;"Организовывать назначение и выплату премий Правительства Санкт-Петербурга в пределах компетенции Комитета
";"Организовывать назначение и выплату премий Правительства Санкт-Петербурга в пределах компетенции Комитета
";1160;;функция;;;;;;;;;;;;;;;;;;;;;;;;;;;;;;;;;;;;;;;;;;;;;;;;;;;;;;;;;;;;;;;;;;;;;;;;;;;;;;;;;;;;;;;;;;;;;;;;;;;;;;;;;;;;;;;;;;;;
р;;;;;;;3.31.;Общая;;Комитет по культуре Санкт-Петербурга;Осуществлять иные полномочия, предусмотренные действующим законодательством, необходимые для выполнения стоящих перед Комитетом задач.;Осуществлять иные полномочия, предусмотренные действующим законодательством, необходимые для выполнения стоящих перед Комитетом задач.;1161;;функция;;;;;;;;;;;;;;;;;;;;;;;;;;;;;;;;;;;;;;;;;;;;;;;;;;;;;;;;;;;;;;;;;;;;;;;;;;;;;;;;;;;;;;;;;;;;;;;;;;;;;;коррупциногенный фактор;;;;;;;;;;;;;;
ргу;;;;;;; -;Исполняемое;ГУ;Комитет по культуре Санкт-Петербурга;Предоставление информации о времени и месте театральных представлений, филармонических и эстрадных концертов и гастрольных мероприятий театров и филармоний, киносеансов, анонсов данных мероприятий;Предоставление информации о времени и месте театральных представлений, филармонических и эстрадных концертов и гастрольных мероприятий театров и филармоний, киносеансов, анонсов данных мероприятий;1162;;услуга;физ/юр;;;;;;;;;;;;;;;;;;;;;;;;;;;;;;;;;;;1. (4);;МФЦ в АР не предусмотрен;подлежит реализации в МАИС;4.1  I;22 (2)   21 I;;;;;20 приложения 2;"I
2012 год";;;;;;;;;;;Не предусмотрено;;;17 1(1) I;;;;;;;от 07.12.2011  № 41;13.12.2011 №667;;безвозмездно;нет;1;подача заявления и предоставление информации;нет;нет;нет;нет;нет;нет;;не более 20 минут^;нет;20.06.2011;согласовано;24.06.2011;Тарасов;;;;;;;от 12.07.2011 №07-7-3386/11-0-1;;;отсутствует порядок разработки и утверждения регламентов оказания услуг государственными учреждениями необходима разработка НПА;;;;;;;;;;;;;23934;;;;;;7,80E+18
ргу;;;;;;; -;Исполняемое;ГУ;Комитет по культуре Санкт-Петербурга;Предоставление доступа к изданиям, переведенным в электронный вид, хранящимся в библиотеках Санкт-Петербурга, в том числе к фонду редких книг, с учетом соблюдения требований законодательства Российской Федерации об авторских и смежных правах.       ;Предоставление доступа к изданиям, переведенным в электронный вид, хранящимся в библиотеках Санкт-Петербурга, в том числе к фонду редких книг, с учетом соблюдения требований законодательства Российской Федерации об авторских и смежных правах.       ;1163;;услуга;физ/юр;;;;;;;;;;;;;;;;;;;;;;;;;;;;;;;;;;МФЦ не предусмотрен в АР;;;;;4.2 V;23 (2)   22 V;;;"п.129 (ЕПГУ)
п.123 (РПГУ) приложения 16 ГК 49/13";;21 приложения 2;V;;;;;;;;;;;от 15.02.2012 № 57;01.02.2012;п.129 приложения 16 ГК 49/13;18 1(1) V;;;;;;;31.01.2012  №42;от 15.02.2012 № 57;;безвозмездно;нет;2;"1. обращение
2. Выдача ответа заявителю ";нет;нет;нет;договор на информационно-библиотечное обслуживание ;учреждения библиотек;нет;;не более 20 минут^;нет;20.06.2011;согласовано;24.06.2011;Тарасов;;;;;;;от 12.07.2011 №07-7-3386/11-0-1;;;отсутствует порядок разработки и утверждения регламентов оказания услуг государственными учреждениями необходима разработка НПА;;;;;;;;;;;;;20;;;;;;7,80E+18
ргу;;;;;;; -;Исполняемое;ГУ;Комитет по культуре Санкт-Петербурга;Предоставление доступа к справочно-поисковому аппарату библиотек и базам данных    библиотек Санкт-Петербурга     ;Предоставление доступа к справочно-поисковому аппарату библиотек и базам данных    библиотек Санкт-Петербурга     ;1164;;услуга;физ;;;;;;;;;;;;;;;;;;;;;;;;;;;;;;;;;;МФЦ не предусмотрен в АР;;;;;4.3 V;24 (2)  23 V;;;"п.130 (ЕПГУ)
п.124 (РПГУ) приложения 16 ГК 49/13";;22 приложения 2;V;;;;;;;;;;;;01.02.2012;п.130 приложения 16 ГК 49/13;19 1(1) V;;;;;;;от 07.12.2011 КАР № 41;13.12.2011 №668;;;;;;;;;;;;;15 минут;;20.06.2011;согласовано;24.06.2011;Тарасов;;;;;на экспертизе;;от 12.07.2011 №07-7-3386/11-0-1;;;отсутствует порядок разработки и утверждения регламентов оказания услуг государственными учреждениями необходима разработка НПА;;;;;;;;;;;;;34;;;;;;7,80E+18
ргу;;;;;;; -;Исполняемое;ГУ;Комитет по культуре Санкт-Петербурга;Предоставление информации о проведении ярмарок, выставок народного творчества, ремесел на территории субъекта Санкт-Петербурга;Предоставление информации о проведении ярмарок, выставок народного творчества, ремесел на территории субъекта Санкт-Петербурга;1165;;услуга;физ;13;июнь;;до 01.10.2013 письмо КК вх. КРИОГВ от 09.07.2013 № 08-19-003708;;;;исполнен;;;;;;;;;;;;;;;;;;83;май;;Письмом от 31.05.2012 № 7-1703/12-2-1 срок продлен до 30.07.2012;;;;;"дополнено 1593 
(8.)";1. (4);07-01/1-41/13 от 03.04.2013;02.12.2013;подлежит реализации в МАИС;;25 (2)   24 I;есть в 1993-р;;;;23 приложения 2;"I
2012 год";;;;;;;;;;;;;;;67;;;;;;КАР №52;;;;;;;;;;;;;;15 минут;;21.01.2013;"не согласовано
согласовано";"10.02.2012
24.01.2013";"Ячменева
Ковалев";26.08.2013;согласовано;03.09.2013;Тарасов;;;;;;;;;;;;;;;;;;;0;;;;;;
ргу;;;;;;; -;Исполняемое;ГУ;Комитет по культуре Санкт-Петербурга;"Запись на обзорные, тематические 
и интерактивные экскурсии, проводимые государственным учреждением культуры Санкт-Петербурга
";"Запись на обзорные, тематические 
и интерактивные экскурсии, проводимые государственным учреждением культуры Санкт-Петербурга
";1166;;услуга;физ;14;июнь;;до 31.12.2013;"Обращение Комитета по культуре от 29.07.2013 
№ 01-21-1311/13-2-4 (вх. КРИОГВ 5035)";;;исполнен;;;;;;;;;;;;;;;;;;84;май;;Письмом от 31.05.2012 № 7-1703/12-2-1 срок продлен до 30.07.2012;;;;;"дополнено 1593 
(9.)";2. (4);07-01/1-41/13 от 03.04.2013;02.12.2013;подлежит реализации в МАИС;;26 (2)  25 V;есть в 1993-р;;п. 125 (РПГУ) приложения 16 ГК 49/13;;24 приложения 2;V;;;;;;;;;;;;;;;41;;;;;;КАР №53;от 28.10.2013 № 653;;;;;;;;;;;;;15 минут;;16.07.2013;"согласовано
не согласовано";"06.08.2012
23.07.2013";"Кононов
Ячменева";21.08.2013;согласовано;03.09.2013;Тарасов;;;;;;;;;;;;;;;;;;;0;;;;;;
ар;;;;;;;3.6.40.;Исполняемое;Администрация района;Комитет по культуре Санкт-Петербурга;Принимать в установленном порядке решения об установке мемориальных досок;Принимать в установленном порядке решения об установке мемориальных досок;1167;;функция;;;;;;;;;;;;;;;;;;;;;;;;;;;;;;;;;;;;;;;;5.2 III;Исключена;;;;;;;;;;;;;;;;;;;;;;;;;;;;;;;;;;;;;;;;;;;;;;;;;;;;;;;;"Законодательным собранием Санкт-Петербурга в первом чтении принят Закон СПб ""О мемориальных досках в Санкт-Петербурге"". Необходим Порядок принятия решений об установке мемориальных досок Правительством СПб после вступления в силу Закона. В настоящее время Комитет по культуре не наделен полномочиями по принятию решения об установке мемориальных досок ни Постановлением Правительства Санкт-Петербурга от 17.01.2005 № 2 ни Положением КК";;;;;;;;;;;;;;;;;;;
р;;;;;;;3.6.23.;Исполняемое;Администрация района;Комитет по культуре Санкт-Петербурга; Создавать условия для организации досуга жителей Санкт-Петербурга и обеспечения их услугами организаций культуры в соответствии с действующим законодательством и правовыми актами Правительства Санкт-Петербурга.;создание условий для организации досуга жителей Санкт-Петербурга и обеспечения их услугами организаций культуры в соответствии с действующим законодательством и правовыми актами Правительства Санкт-Петербурга;1810;;функция;;;;;;;;;;;;;;;;;;;;;;;;;;;;;;;;;;;;;;;;;;;;;;;;;;;;;;;;;;;;;;;;;;;;;от 07.09.2011 N 430;;;;;;;;;;;;;;;;;;;;;;;;;;;;;;"41.1.
29.2";"41.1. Предоставление культурно-досуговых услуг, включая:
предоставление информации о времени и месте театральных представлений, филармонических и эстрадных концертов и гастрольных и гастрольных мероприятий театров и филармоний, киносеансов, анонсы данных мероприятий
29.2. Предоставление музейных услуг";"Законом № 420-79 полномочие не предусмотрено за органами местного самоуправления, т.о. правовые основания для разработки административного регламента отсутствуют.
Однако за Комитетом по культуре (п. 3.1-1 Положения) и администрациями районов Санкт-Петербурга (п. 3.6.23 Положения) закреплены соответствующие полномочия";;;;;;;;;;;;;;;
